Time (%),Total Time (ns),Instances,Avg (ns),Med (ns),Min (ns),Max (ns),StdDev (ns),Name
33.7,6273786787,42693,146951.2,141366.0,112529,8336357,148811.6,"void at::native::vectorized_elementwise_kernel<(int)4, at::native::FillFunctor<int>, std::array<char *, (unsigned long)1>>(int, T2, T3)"
29.3,5447107897,4536,1200861.5,780504.0,184989,71555535,1888692.8,ampere_bf16_s1688gemm_bf16_128x128_ldg8_f2f_stages_32x1_tn
9.2,1714448305,1148,1493421.9,1175510.0,401310,2965002,770953.7,ampere_bf16_s1688gemm_bf16_128x64_sliced1x2_ldg8_f2f_tn
8.9,1661261690,5706,291143.0,88686.0,2913,7259138,307959.6,triton_poi_fused_mul_silu_1
3.5,650688100,8559,76023.8,65706.0,3681,319025,58565.9,triton_poi_fused_cat_3
2.3,425121951,1316,323041.0,210768.0,110033,6388632,310436.3,ampere_bf16_s1688gemm_bf16_128x128_ldg8_relu_f2f_stages_32x1_tn
1.6,300254799,338,888327.8,274666.5,30020,24353142,1609873.4,"std::enable_if<!T7, void>::type internal::gemvx::kernel<int, int, __nv_bfloat16, __nv_bfloat16, __nv_bfloat16, float, (bool)0, (bool)1, (bool)1, (bool)0, (int)6, (bool)0, cublasGemvParamsEx<int, cublasGemvTensorStridedBatched<const __nv_bfloat16>, cublasGemvTensorStridedBatched<const __nv_bfloat16>, cublasGemvTensorStridedBatched<__nv_bfloat16>, float>>(T13)"
1.4,261810157,2,130905078.5,130905078.5,13171762,248638395,166500052.9,void cutlass::Kernel2<cutlass_80_tensorop_bf16_s16816gemm_relu_bf16_256x128_32x3_tn_align8>(T1::Params)
1.3,238952319,56,4267005.7,3543748.0,3233076,15459957,2787024.0,ampere_bf16_s16816gemm_bf16_256x128_ldg8_f2f_stages_32x3_tn
1.0,181934189,8559,21256.5,24708.0,2240,52584,12590.6,triton_poi_fused_view_5
0.9,168765165,840,200910.9,200287.0,36678,363640,95164.2,"void flash::flash_fwd_splitkv_kernel<Flash_fwd_kernel_traits<(int)128, (int)64, (int)128, (int)4, (bool)0, (bool)0, cutlass::bfloat16_t, Flash_kernel_traits<(int)128, (int)64, (int)128, (int)4, cutlass::bfloat16_t>>, (bool)0, (bool)0, (bool)0, (bool)0, (bool)1, (bool)0, (bool)0, (bool)0>(flash::Flash_fwd_params)"
0.7,132698190,8559,15503.9,13634.0,3648,29893,9866.9,triton_poi_fused_cat_4
0.6,105010448,448,234398.3,287884.0,73131,289260,92825.2,ampere_bf16_s16816gemm_bf16_128x64_ldg8_relu_f2f_stages_32x6_tn
0.5,102027688,448,227740.4,226835.0,72235,696972,155918.0,ampere_bf16_s16816gemm_bf16_64x128_ldg8_f2f_stages_64x3_tn
0.5,101288730,2,50644365.0,50644365.0,44710553,56578177,8391677.4,"void flashinfer::sampling::TopKMaskLogitsKernel<(unsigned int)1024, (cub::CUB_200700_750_800_890_900_1000_1200_NS::BlockReduceAlgorithm)2, (unsigned int)4, float, int>(T4 *, T4 *, T5 *, unsigned int, unsigned int)"
0.5,90250812,224,402905.4,402014.0,380027,428930,22360.2,ampere_bf16_s16816gemm_bf16_128x64_ldg8_f2f_stages_32x6_tn
0.4,75270249,560,134411.2,196798.0,39462,199582,77163.5,ampere_bf16_s16816gemm_bf16_64x64_ldg8_f2f_stages_64x5_tn
0.4,74429512,448,166137.3,157448.0,39142,365912,124993.1,void cutlass::Kernel2<cutlass_80_wmma_tensorop_bf16_s161616gemm_bf16_16x16_128x1_tn_align8>(T1::Params)
0.3,54206090,392,138280.8,138293.0,137685,139414,302.4,ampere_bf16_s16816gemm_bf16_128x128_ldg8_f2f_stages_64x3_tn
0.3,53487052,2940,18192.9,14402.0,4512,725072,26728.9,triton_red_fused__to_copy_add_mean_mul_pow_rsqrt_2
0.2,45177192,168,268911.9,268906.0,268041,269802,365.1,ampere_bf16_s1688gemm_bf16_64x128_sliced1x2_ldg8_f2f_tn
0.2,43897967,2940,14931.3,11842.0,4160,466376,18333.2,triton_red_fused__to_copy_add_mean_mul_pow_rsqrt_0
0.2,43189106,84,514156.0,619488.0,23683,2377551,424191.2,"void flash::flash_fwd_splitkv_kernel<Flash_fwd_kernel_traits<(int)128, (int)64, (int)128, (int)4, (bool)0, (bool)0, cutlass::bfloat16_t, Flash_kernel_traits<(int)128, (int)64, (int)128, (int)4, cutlass::bfloat16_t>>, (bool)1, (bool)0, (bool)0, (bool)0, (bool)1, (bool)0, (bool)0, (bool)0>(flash::Flash_fwd_params)"
0.2,43188542,112,385612.0,385564.0,384668,386652,454.8,ampere_bf16_s16816gemm_bf16_64x128_sliced1x2_ldg8_f2f_stages_64x3_tn
0.2,42352188,448,94536.1,91582.5,30885,184060,61741.7,void cutlass::Kernel2<cutlass_80_wmma_tensorop_bf16_s161616gemm_bf16_16x16_128x2_tn_align8>(T1::Params)
0.2,32313674,224,144257.5,144854.5,141814,147254,1593.5,void cutlass::Kernel2<cutlass_80_tensorop_bf16_s16816gemm_relu_bf16_256x64_32x4_tn_align8>(T1::Params)
0.2,32099229,224,143300.1,143606.0,142262,145366,721.5,void cutlass::Kernel2<cutlass_80_tensorop_bf16_s16816gemm_relu_bf16_128x64_32x6_tn_align8>(T1::Params)
0.1,25264693,236,107053.8,65034.0,3713,1638652,199964.1,triton_poi_fused_cat_1
0.1,23583950,224,105285.5,105232.5,104400,106609,496.1,void cutlass::Kernel2<cutlass_80_tensorop_bf16_s16816gemm_relu_bf16_64x64_32x6_tn_align8>(T1::Params)
0.1,18882404,28,674371.6,562775.0,506158,2444377,372162.7,"void at::native::vectorized_elementwise_kernel<(int)4, at::native::FillFunctor<signed char>, std::array<char *, (unsigned long)1>>(int, T2, T3)"
0.1,18582336,1904,9759.6,9730.0,5088,16675,3450.5,"void at::native::elementwise_kernel<(int)128, (int)4, void at::native::gpu_kernel_impl_nocast<at::native::direct_copy_kernel_cuda(at::TensorIteratorBase &)::[lambda() (instance 3)]::operator ()() const::[lambda() (instance 12)]::operator ()() const::[lambda(c10::BFloat16) (instance 1)]>(at::TensorIteratorBase &, const T1 &)::[lambda(int) (instance 1)]>(int, T3)"
0.1,16824791,224,75110.7,75052.0,74699,76140,266.9,ampere_bf16_s16816gemm_bf16_128x128_ldg8_f2f_stages_32x5_tn
0.1,11779858,4413,2669.4,2432.0,2144,10370,896.9,"void at::native::vectorized_elementwise_kernel<(int)2, at::native::FillFunctor<long>, std::array<char *, (unsigned long)1>>(int, T2, T3)"
0.1,11599461,1064,10901.7,9473.0,5024,128308,10303.0,"void vllm::reshape_and_cache_flash_kernel<__nv_bfloat16, __nv_bfloat16, (vllm::Fp8KVCacheDataType)0>(const T1 *, const T1 *, T2 *, T2 *, const long *, long, long, long, long, long, int, int, int, const float *, const float *)"
0.1,11501712,2,5750856.0,5750856.0,5662346,5839366,125172.0,"void flashinfer::sampling::TopPSamplingFromProbKernel<(unsigned int)1024, (cub::CUB_200700_750_800_890_900_1000_1200_NS::BlockScanAlgorithm)2, (cub::CUB_200700_750_800_890_900_1000_1200_NS::BlockReduceAlgorithm)2, (unsigned int)4, (bool)1, float, int>(T6 *, T7 *, T7 *, float *, float, unsigned int, unsigned long, unsigned long)"
0.0,8228051,112,73464.7,73275.5,72811,75724,623.1,ampere_bf16_s16816gemm_bf16_128x64_ldg8_relu_f2f_stages_64x4_tn
0.0,6688796,317,21100.3,24132.0,2240,48103,12541.5,triton_poi_fused_view_3
0.0,6568692,116,56626.7,10225.5,9441,4024750,393252.2,"void at::native::unrolled_elementwise_kernel<at::native::direct_copy_kernel_cuda(at::TensorIteratorBase &)::[lambda() (instance 3)]::operator ()() const::[lambda() (instance 7)]::operator ()() const::[lambda(float) (instance 1)], std::array<char *, (unsigned long)2>, (int)4, TrivialOffsetCalculator<(int)1, unsigned int>, TrivialOffsetCalculator<(int)1, unsigned int>, at::native::memory::LoadWithCast<(int)1>, at::native::memory::StoreWithCast<(int)1>>(int, T1, T2, T4, T5, T6, T7)"
0.0,5484810,112,48971.5,48904.0,46183,53800,1285.3,void cutlass::Kernel2<cutlass_80_wmma_tensorop_bf16_s161616gemm_bf16_32x32_64x2_tn_align8>(T1::Params)
0.0,4977349,317,15701.4,13474.0,3680,104144,10911.9,triton_poi_fused_cat_2
0.0,4207715,112,37568.9,37430.0,36390,40934,783.7,void cutlass::Kernel2<cutlass_80_wmma_tensorop_bf16_s161616gemm_bf16_32x32_128x2_tn_align8>(T1::Params)
0.0,4079446,2,2039723.0,2039723.0,1862688,2216758,250365.3,"void at::native::<unnamed>::cunn_SoftMaxForward<(int)4, float, float, float, at::native::<unnamed>::SoftMaxForwardEpilogue>(T4 *, const T2 *, int)"
0.0,3848896,952,4043.0,4128.0,3520,4289,181.6,"void at::native::elementwise_kernel<(int)128, (int)2, void at::native::gpu_kernel_impl_nocast<at::native::direct_copy_kernel_cuda(at::TensorIteratorBase &)::[lambda() (instance 3)]::operator ()() const::[lambda() (instance 7)]::operator ()() const::[lambda(float) (instance 1)]>(at::TensorIteratorBase &, const T1 &)::[lambda(int) (instance 1)]>(int, T3)"
0.0,3611539,140,25796.7,22227.0,20003,41127,7619.1,"void flash::flash_fwd_splitkv_kernel<Flash_fwd_kernel_traits<(int)128, (int)64, (int)128, (int)4, (bool)0, (bool)0, cutlass::bfloat16_t, Flash_kernel_traits<(int)128, (int)64, (int)128, (int)4, cutlass::bfloat16_t>>, (bool)0, (bool)0, (bool)0, (bool)0, (bool)1, (bool)0, (bool)1, (bool)0>(flash::Flash_fwd_params)"
0.0,3465146,116,29871.9,17123.0,15715,775896,98279.3,"void at::native::reduce_kernel<(int)512, (int)1, at::native::ReduceOp<float, at::native::ArgMaxOps<float>, unsigned int, long, (int)4, (int)4>>(T3)"
0.0,2931557,2,1465778.5,1465778.5,1430237,1501320,50263.3,"void at::native::elementwise_kernel<(int)128, (int)2, void at::native::gpu_kernel_impl_nocast<at::native::BinaryFunctor<float, float, float, at::native::binary_internal::DivFunctor<float>>>(at::TensorIteratorBase &, const T1 &)::[lambda(int) (instance 1)]>(int, T3)"
0.0,2923358,228,12821.7,12834.0,11169,14147,977.4,"void at::native::elementwise_kernel<(int)128, (int)4, void at::native::gpu_kernel_impl<at::native::BinaryFunctor<float, float, float, at::native::binary_internal::MulFunctor<float>>>(at::TensorIteratorBase &, const T1 &)::[lambda(int) (instance 1)]>(int, T3)"
0.0,2862290,224,12778.1,12786.0,11873,13698,741.7,"void cublasLt::splitKreduce_kernel<(int)32, (int)16, int, __nv_bfloat16, __nv_bfloat16, float, __nv_bfloat16, (bool)0, __nv_bfloat16, __nv_bfloat16, __nv_bfloat16, (bool)1, (bool)0, (bool)0>(cublasLt::cublasSplitKParams<T6>, const T4 *, const T10 *, T9 *, T5 *, const T6 *, const T6 *, const T11 *, const T4 *, T11 *, void *, long, T6 *, int *, T6 *, T6 *, const T6 *, const T6 *, const T6 *, const T6 *, const T6 *)"
0.0,2300418,105,21908.7,13922.0,5793,384827,43629.1,triton_red_fused__to_copy_add_embedding_mean_mul_pow_rsqrt_0
0.0,1754486,225,7797.7,4609.0,3552,12514,4059.6,"void at::native::_scatter_gather_elementwise_kernel<(int)128, (int)8, void at::native::_cuda_scatter_gather_internal_kernel<(bool)1, long, long>::operator ()<at::native::ReduceAdd>(at::TensorIterator &, long, long, long, const T1 &)::[lambda(int) (instance 1)]>(int, T3)"
0.0,1198396,228,5256.1,5281.0,4865,5632,150.3,"void at::native::vectorized_elementwise_kernel<(int)4, void at::native::compare_scalar_kernel<long>(at::TensorIteratorBase &, at::native::<unnamed>::OpType, T1)::[lambda(long) (instance 1)], std::array<char *, (unsigned long)2>>(int, T2, T3)"
0.0,1156563,202,5725.6,6049.0,3137,7809,1349.7,"void at::native::vectorized_gather_kernel<(int)16, long>(char *, char *, T2 *, int, long, long, long, long, bool)"
0.0,1149275,228,5040.7,5089.0,4704,5249,137.5,"void at::native::vectorized_elementwise_kernel<(int)4, at::native::CUDAFunctor_add<float>, std::array<char *, (unsigned long)3>>(int, T2, T3)"
0.0,1126015,114,9877.3,10113.0,7905,10402,585.5,"void vllm::apply_repetition_penalties_kernel<float>(T1 *, const bool *, const bool *, const T1 *, int, int, int)"
0.0,1079036,118,9144.4,9233.5,8161,9474,279.4,"void at::native::index_elementwise_kernel<(int)128, (int)4, void at::native::gpu_index_kernel<void at::native::index_kernel_impl<at::native::OpaqueType<(int)2>>(at::TensorIteratorBase &, c10::ArrayRef<long>, c10::ArrayRef<long>)::[lambda(char *, const char *, long) (instance 1)]>(at::TensorIteratorBase &, c10::ArrayRef<long>, c10::ArrayRef<long>, const T1 &, bool)::[lambda(int) (instance 1)]>(long, T3)"
0.0,882024,230,3834.9,3872.0,3264,5313,193.4,"void at::native::unrolled_elementwise_kernel<at::native::direct_copy_kernel_cuda(at::TensorIteratorBase &)::[lambda() (instance 3)]::operator ()() const::[lambda() (instance 4)]::operator ()() const::[lambda(long) (instance 1)], std::array<char *, (unsigned long)2>, (int)4, TrivialOffsetCalculator<(int)1, unsigned int>, TrivialOffsetCalculator<(int)1, unsigned int>, at::native::memory::LoadWithCast<(int)1>, at::native::memory::StoreWithCast<(int)1>>(int, T1, T2, T4, T5, T6, T7)"
0.0,757810,56,13532.3,13538.0,12514,14466,758.1,"void flash::flash_fwd_splitkv_combine_kernel<Flash_fwd_kernel_traits<(int)128, (int)64, (int)128, (int)4, (bool)0, (bool)0, cutlass::bfloat16_t, Flash_kernel_traits<(int)128, (int)64, (int)128, (int)4, cutlass::bfloat16_t>>, (int)4, (int)4, (bool)1>(flash::Flash_fwd_params)"
0.0,578076,56,10322.8,10210.0,10049,10626,254.8,"void flash::flash_fwd_splitkv_combine_kernel<Flash_fwd_kernel_traits<(int)128, (int)64, (int)128, (int)4, (bool)0, (bool)0, cutlass::bfloat16_t, Flash_kernel_traits<(int)128, (int)64, (int)128, (int)4, cutlass::bfloat16_t>>, (int)4, (int)2, (bool)1>(flash::Flash_fwd_params)"
0.0,448513,118,3801.0,3840.0,3553,4705,174.4,"void at::native::unrolled_elementwise_kernel<at::native::direct_copy_kernel_cuda(at::TensorIteratorBase &)::[lambda() (instance 3)]::operator ()() const::[lambda() (instance 3)]::operator ()() const::[lambda(int) (instance 1)], std::array<char *, (unsigned long)2>, (int)4, TrivialOffsetCalculator<(int)1, unsigned int>, TrivialOffsetCalculator<(int)1, unsigned int>, at::native::memory::LoadWithCast<(int)1>, at::native::memory::StoreWithCast<(int)1>>(int, T1, T2, T4, T5, T6, T7)"
0.0,377881,85,4445.7,2721.0,2560,8162,2573.0,"void at::native::vectorized_elementwise_kernel<(int)4, at::native::FillFunctor<c10::BFloat16>, std::array<char *, (unsigned long)1>>(int, T2, T3)"
0.0,313777,114,2752.4,2592.0,2432,13506,1312.5,"void at::native::unrolled_elementwise_kernel<at::native::CUDAFunctorOnSelf_add<int>, std::array<char *, (unsigned long)2>, (int)4, TrivialOffsetCalculator<(int)1, unsigned int>, TrivialOffsetCalculator<(int)1, unsigned int>, at::native::memory::LoadWithoutCast, at::native::memory::StoreWithoutCast>(int, T1, T2, T4, T5, T6, T7)"
0.0,311790,28,11135.4,11169.0,10946,11233,72.1,"void flash::flash_fwd_splitkv_combine_kernel<Flash_fwd_kernel_traits<(int)128, (int)64, (int)128, (int)4, (bool)0, (bool)0, cutlass::bfloat16_t, Flash_kernel_traits<(int)128, (int)64, (int)128, (int)4, cutlass::bfloat16_t>>, (int)4, (int)3, (bool)1>(flash::Flash_fwd_params)"
0.0,281675,112,2515.0,2369.0,2240,19075,1580.3,"void at::native::unrolled_elementwise_kernel<at::native::FillFunctor<long>, std::array<char *, (unsigned long)1>, (int)4, TrivialOffsetCalculator<(int)0, unsigned int>, TrivialOffsetCalculator<(int)1, unsigned int>, at::native::memory::LoadWithoutCast, at::native::memory::StoreWithoutCast>(int, T1, T2, T4, T5, T6, T7)"
0.0,117555,1,117555.0,117555.0,117555,117555,0.0,"void at::native::<unnamed>::CatArrayBatchedCopy_alignedK_contig<at::native::<unnamed>::OpaqueType<(unsigned int)4>, unsigned int, (int)2, (int)128, (int)1, (int)16>(T1 *, at::native::<unnamed>::CatArrInputTensorMetadata<T1, T2, T4, T5>, at::native::<unnamed>::TensorSizeStride<T2, (unsigned int)4>, int, T2)"
0.0,57321,1,57321.0,57321.0,57321,57321,0.0,"void at::native::elementwise_kernel<(int)128, (int)2, void at::native::gpu_kernel_impl_nocast<at::native::BinaryFunctor<float, float, float, at::native::binary_internal::MulFunctor<float>>>(at::TensorIteratorBase &, const T1 &)::[lambda(int) (instance 1)]>(int, T3)"
0.0,46951,1,46951.0,46951.0,46951,46951,0.0,"void at::native::vectorized_elementwise_kernel<(int)4, at::native::bfloat16_copy_kernel_cuda(at::TensorIteratorBase &)::[lambda(float) (instance 1)], std::array<char *, (unsigned long)2>>(int, T2, T3)"
0.0,38438,1,38438.0,38438.0,38438,38438,0.0,"void at::native::vectorized_elementwise_kernel<(int)4, at::native::sin_kernel_cuda(at::TensorIteratorBase &)::[lambda() (instance 2)]::operator ()() const::[lambda() (instance 2)]::operator ()() const::[lambda(float) (instance 1)], std::array<char *, (unsigned long)2>>(int, T2, T3)"
0.0,36869,1,36869.0,36869.0,36869,36869,0.0,"void at::native::vectorized_elementwise_kernel<(int)4, at::native::cos_kernel_cuda(at::TensorIteratorBase &)::[lambda() (instance 2)]::operator ()() const::[lambda() (instance 2)]::operator ()() const::[lambda(float) (instance 1)], std::array<char *, (unsigned long)2>>(int, T2, T3)"
0.0,33446,13,2572.8,2465.0,2432,3104,204.2,"void at::native::vectorized_elementwise_kernel<(int)4, at::native::FillFunctor<float>, std::array<char *, (unsigned long)1>>(int, T2, T3)"
0.0,31652,2,15826.0,15826.0,15810,15842,22.6,"void at::native::<unnamed>::distribution_elementwise_grid_stride_kernel<float, (int)4, void at::native::templates::cuda::uniform_and_transform<c10::BFloat16, float, at::CUDAGeneratorImpl *, void at::native::templates::cuda::uniform_kernel<at::CUDAGeneratorImpl *>(at::TensorIteratorBase &, double, double, T1)::[lambda() (instance 1)]::operator ()() const::[lambda() (instance 4)]::operator ()() const::[lambda(float) (instance 1)]>(at::TensorIteratorBase &, T3, T4)::[lambda(curandStatePhilox4_32_10 *) (instance 2)], void at::native::<unnamed>::distribution_nullary_kernel<c10::BFloat16, float, float4, at::CUDAGeneratorImpl *, void at::native::templates::cuda::uniform_and_transform<c10::BFloat16, float, at::CUDAGeneratorImpl *, void at::native::templates::cuda::uniform_kernel<at::CUDAGeneratorImpl *>(at::TensorIteratorBase &, double, double, T1)::[lambda() (instance 1)]::operator ()() const::[lambda() (instance 4)]::operator ()() const::[lambda(float) (instance 1)]>(at::TensorIteratorBase &, T3, T4)::[lambda(curandStatePhilox4_32_10 *) (instance 2)], void at::native::templates::cuda::uniform_kernel<at::CUDAGeneratorImpl *>(at::TensorIteratorBase &, double, double, T1)::[lambda() (instance 1)]::operator ()() const::[lambda() (instance 4)]::operator ()() const::[lambda(float) (instance 1)]>(at::TensorIteratorBase &, T4, const T5 &, T6)::[lambda(int, float) (instance 1)]>(long, at::PhiloxCudaState, T3, T4)"
0.0,16610,4,4152.5,4160.0,4097,4193,47.9,"void at::native::vectorized_elementwise_kernel<(int)4, void at::native::compare_scalar_kernel<float>(at::TensorIteratorBase &, at::native::<unnamed>::OpType, T1)::[lambda(float) (instance 1)], std::array<char *, (unsigned long)2>>(int, T2, T3)"
0.0,8386,2,4193.0,4193.0,4161,4225,45.3,"void at::native::elementwise_kernel<(int)128, (int)2, void at::native::gpu_kernel_impl_nocast<at::native::<unnamed>::where_kernel_impl(at::TensorIterator &)::[lambda() (instance 1)]::operator ()() const::[lambda() (instance 11)]::operator ()() const::[lambda(bool, float, float) (instance 1)]>(at::TensorIteratorBase &, const T1 &)::[lambda(int) (instance 1)]>(int, T3)"
0.0,7201,2,3600.5,3600.5,3584,3617,23.3,"void at::native::vectorized_elementwise_kernel<(int)2, at::native::<unnamed>::where_kernel_impl(at::TensorIterator &)::[lambda() (instance 1)]::operator ()() const::[lambda() (instance 8)]::operator ()() const::[lambda(bool, long, long) (instance 1)], std::array<char *, (unsigned long)4>>(int, T2, T3)"
0.0,6752,2,3376.0,3376.0,2560,4192,1154.0,"void <unnamed>::elementwise_kernel_with_index<int, at::native::arange_cuda_out(const c10::Scalar &, const c10::Scalar &, const c10::Scalar &, at::Tensor &)::[lambda() (instance 1)]::operator ()() const::[lambda() (instance 7)]::operator ()() const::[lambda(long) (instance 1)]>(T1, T2, function_traits<T2>::result_type *)"
0.0,5857,1,5857.0,5857.0,5857,5857,0.0,"void at::native::elementwise_kernel<(int)128, (int)4, void at::native::gpu_kernel_impl<at::native::<unnamed>::pow_tensor_tensor_kernel(at::TensorIteratorBase &)::[lambda() (instance 1)]::operator ()() const::[lambda() (instance 7)]::operator ()() const::[lambda(float, float) (instance 1)]>(at::TensorIteratorBase &, const T1 &)::[lambda(int) (instance 1)]>(int, T3)"
0.0,3392,1,3392.0,3392.0,3392,3392,0.0,"void at::native::vectorized_elementwise_kernel<(int)4, at::native::reciprocal_kernel_cuda(at::TensorIteratorBase &)::[lambda() (instance 1)]::operator ()() const::[lambda() (instance 2)]::operator ()() const::[lambda(float) (instance 1)], std::array<char *, (unsigned long)2>>(int, T2, T3)"
0.0,2913,1,2913.0,2913.0,2913,2913,0.0,"void at::native::vectorized_elementwise_kernel<(int)4, at::native::BUnaryFunctor<float, float, float, at::native::binary_internal::MulFunctor<float>>, std::array<char *, (unsigned long)2>>(int, T2, T3)"
0.0,2848,1,2848.0,2848.0,2848,2848,0.0,"void at::native::vectorized_elementwise_kernel<(int)4, at::native::AUnaryFunctor<float, float, float, at::native::binary_internal::MulFunctor<float>>, std::array<char *, (unsigned long)2>>(int, T2, T3)"
0.0,2561,1,2561.0,2561.0,2561,2561,0.0,"void at::native::vectorized_elementwise_kernel<(int)2, at::native::FillFunctor<double>, std::array<char *, (unsigned long)1>>(int, T2, T3)"
